source,target,title,evidence
/14149-2/,/شركات-تصميم-مواقع-الكترونية-بالمعادي/,أفضل 7 شركات تصميم مواقع الكترونية بالمعادي لتعزيز نشاطك,"Old database _wp_old_slug; identical current slug, type and title"
/5-معلومات-يجب-معرفتها-عن-تصميم-المتاجر-ا/,/تصميم-المتاجر-الإلكترونية/,5 معلومات يجب معرفتها عن تصميم المتاجر الإلكترونية,"Old database _wp_old_slug; identical current slug, type and title"
/6-أسباب-تجعل-تصميم-برنامج-محاسبة-sql-من-قيم/,/تصميم-برنامج-محاسبة-sql/,6 أسباب تجعل تصميم برنامج محاسبة SQL من قيمة تك خيارك الأمثل,"Old database _wp_old_slug; identical current slug, type and title"
/7-خطوات-لتصميم-تطبيق-مطعم-مبتكر-بطابع-فر/,/تصميم-تطبيق-مطعم/,7 خطوات لتصميم تطبيق مطعم مبتكر بطابع فريد مع قيمة تك,"Old database _wp_old_slug; identical current slug, type and title"
/7مميزات-لإستخدام-تطبيقات-الهواتف-الذك/,/مزايا-استخدام-تطبيقات-الهواتف-الذكية/,7 مزايا لاستخدام تطبيقات الهواتف الذكية لتطوير نشاطك,"Old database _wp_old_slug; identical current slug, type and title"
/9-مميزات-تقدمها-لك-شركة-قيمة-تك-لـ-إنشاء/,/إنشاء-متجر-الكتروني-في-مصر/,إنشاء متجر الكتروني في مصر في 9 خطوات يعكس هوية نشاطك,"Old database _wp_old_slug; identical current slug, type and title"
/9122-2/,/شركات-تصميم-مواقع-سعوديه/,إليك أهم 7 معايير لاختيار أفضل شركات تصميم مواقع سعوديه,"Old database _wp_old_slug; identical current slug, type and title"
/portfolio/2268/,/portfolio/موقع-بنك-ابو-ظبي-التجاري/,موقع بنك أبو ظبي التجاري,"Old database _wp_old_slug; identical current slug, type and title"
/portfolio/2279/,/portfolio/egypt-foods/,Egypt Foods,"Old database _wp_old_slug; identical current slug, type and title"
/portfolio/2375/,/portfolio/future-herbs/,Future Herbs,"Old database _wp_old_slug; identical current slug, type and title"
/portfolio/30789/,/portfolio/k3-pro/,K3 PRO,"Old database _wp_old_slug; identical current slug, type and title"
/portfolio/active/,/portfolio/activ/,Activ,"Old database _wp_old_slug; identical current slug, type and title"
/portfolio/greenwing/,/portfolio/green-wing/,Green Wing,Exact Green Wing name/spelling variant; existing current project verified
/portfolio/lastlook/,/portfolio/last-look/,Last Look,"Old database _wp_old_slug; identical current slug, type and title"
/portfolio/test/,/portfolio/activ/,Activ,"Old database _wp_old_slug; identical current slug, type and title"
/portfolio/الخدمات-الطبية/,/portfolio/الخدمات-التعليمية/,تواصل,"Old database _wp_old_slug; identical current slug, type and title"
/portfolio/شركة-إتقان/,/portfolio/موقع-شركة-إتقان/,موقع شركة إتقان,"Old database _wp_old_slug; identical current slug, type and title"
/أريد-أن-أصنع-برنامج-أهم-الخطوات-من-قيم/,/أريد-أن-أصنع-برنامج-أهم-الخطوات-من-قيمة/,أريد أن أصنع برنامج.. أهم الخطوات من قيمة تك,"Old database _wp_old_slug; identical current slug, type and title"
/أفضل-7-شركات-تصميم-مواقع-الكترونية-بالم/,/شركات-تصميم-مواقع-الكترونية-بالمعادي/,أفضل 7 شركات تصميم مواقع الكترونية بالمعادي لتعزيز نشاطك,"Old database _wp_old_slug; identical current slug, type and title"
/أفضل-الخدمات-المقدمة-في-مجال-تطوير-الم/,/تطوير-المواقع-الإلكترونية/,أهمية تطوير المواقع الإلكترونية لنجاح الأعمال في 2026,"Old database _wp_old_slug; identical current slug, type and title"
/أفضل-شركات-استضافة-المواقع-فى-مصر-2023/,/شركات-استضافة-المواقع-فى-مصر/,أفضل 5 خدمات توفرها شركات استضافة المواقع فى مصر,"Old database _wp_old_slug; identical current slug, type and title"
/أفضل-شركات-برمجة-تطبيقات-في-مصر/,/شركات-برمجة-تطبيقات-في-مصر/,دليلك لاختيار أفضل شركات برمجة تطبيقات في مصر لعام 2026,"Old database _wp_old_slug; identical current slug, type and title"
/أفضل-شركات-تصميم-المواقع-على-الإنترنت/,/أفضل-شركات-تصميم-المواقع/,أفضل شركات تصميم المواقع الالكترونية: 6 شركات أبرزهم قيمة تك,"Old database _wp_old_slug; identical current slug, type and title"
/أفضل-شركات-تصميم-تطبيقات-الهواتف-الذك/,/تصميم-تطبيقات-الهواتف-الذكية/,أفضل شركات تصميم تطبيقات الهواتف الذكية 2026,"Old database _wp_old_slug; identical current slug, type and title"
/أفضل-شركات-تصميم-تطبيقات-الهواتف/,/تصميم-تطبيقات-الهواتف-الذكية/,أفضل شركات تصميم تطبيقات الهواتف الذكية 2026,"Old database _wp_old_slug; identical current slug, type and title"
/أفضل-شركات-تصميم-مواقع-الكترونية-في-جد/,/شركات-تصميم-مواقع-الكترونية-في-جدة/,إليك أفضل 5 شركات تصميم مواقع الكترونية في جدة لتعزيز نشاطك,"Old database _wp_old_slug; identical current slug, type and title"
/أفضل-شركات-تصميم-مواقع-فى-الاسكندرية/,/أفضل-شركات-تصميم-مواقع/,5 معايير لاختيار أفضل شركات تصميم مواقع ويب في الوطن العربي,"Old database _wp_old_slug; identical current slug, type and title"
/أفضل-شركات-تصميم-مواقع-في-القاهرة/,/شركات-تصميم-مواقع-في-القاهرة-2/,إليك أفضل 7 شركات تصميم مواقع في القاهرة,"Old database _wp_old_slug; identical current slug, type and title"
/أفضل-شركات-تصميم-واستضافة-موقع-فى-مصر-2023/,/شركات-تصميم-واستضافة-موقع-في-مصر/,أفضل شركات تصميم واستضافة موقع في مصر 2026,"Old database _wp_old_slug; identical current slug, type and title"
/أفضل-شركات-تطوير-المواقع-الإلكترونية/,/شركات-تطوير-المواقع-الإلكترونية/,أفضل شركات تطوير المواقع الإلكترونية في مصر 2026,"Old database _wp_old_slug; identical current slug, type and title"
/أفضل-شركات-تطوير-مواقع-إلكترونية-على-ا/,/شركات-تطوير-مواقع-إلكترونية/,6 خطوات لاختيار أفضل شركات تطوير مواقع إلكترونية لعام 2026,"Old database _wp_old_slug; identical current slug, type and title"
/أفضل-شركات-ويب-ديزاين-في-مصر/,/أفضل-شركات-ويب-ديزاين-بمصر/,أفضل شركات ويب ديزاين بمصر لتطوير نشاطك باحترافية في 2026,"Old database _wp_old_slug; identical current slug, type and title"
/أفضل-شركة-إنشاء-تطبيقات-في-مصر-2025/,/أفضل-شركة-إنشاء-تطبيقات-في-مصر-2026/,تعرف على أفضل شركة إنشاء تطبيقات في مصر 2026,"Old database _wp_old_slug; identical current slug, type and title"
/أفضل-شركة-استضافة-مصرية-2023/,/أفضل-شركة-استضافة-مصرية-2026/,تعرف على خدمات أفضل شركة استضافة مصرية 2026,"Old database _wp_old_slug; identical current slug, type and title"
/أفضل-شركة-استضافة-مواقع-الكترونية-لعا/,/أفضل-شركة-استضافة-مواقع-الكترونية/,أفضل شركة استضافة مواقع الكترونية لعام 2026 لتعزيز نشاطك,"Old database _wp_old_slug; identical current slug, type and title"
/أفضل-شركة-انشاء-موقع-تجاري-على-الانترن/,/أفضل-شركة-انشاء-موقع-تجاري/,أفضل شركة انشاء موقع تجاري على الإنترنت في 2026 لزيادة أرباحك,"Old database _wp_old_slug; identical current slug, type and title"
/أفضل-شركة-انشاء-موقع-للتجارة-الالكترو/,/انشاء-موقع-للتجارة-الالكترونية/,أفضل شركة انشاء موقع للتجارة الالكترونية لعام 2026,"Old database _wp_old_slug; identical current slug, type and title"
/أفضل-شركة-برمجة-مواقع-الويب-لعام-2021/,/أفضل-شركة-برمجة-مواقع-الويب/,أفضل شركة برمجة مواقع الويب تحصل على رضا العملاء بنسبة 100٪,"Old database _wp_old_slug; identical current slug, type and title"
/أفضل-شركة-برمجة-وتصميم-المواقع-في-مصر-2022/,/أفضل-شركة-برمجة-وتصميم-المواقع-في-مصر-2026/,أفضل شركة برمجة وتصميم المواقع في مصر 2026,"Old database _wp_old_slug; identical current slug, type and title"
/أفضل-شركة-تسويق-الكتروني-في-الإمارات/,/7-معايير-لاختيار-أفضل-شركة-تسويق-الكترو/,7 معايير لاختيار أفضل شركة تسويق الكتروني في الإمارات,"Old database _wp_old_slug; identical current slug, type and title"
/أفضل-شركة-تسويق-محركات-البحث-لزيادة-ظه/,/تسويق-محركات-البحث/,أفضل شركة تسويق محركات البحث لتحسين ترتيب موقعك وظهورك,"Old database _wp_old_slug; identical current slug, type and title"
/أفضل-شركة-تصميم-تطبيقات-الجوال-في-مصر-2022/,/أفضل-شركة-تصميم-تطبيقات-الجوال-في-مصر-2026/,أفضل شركة تصميم تطبيقات الجوال في مصر لزيادة مبيعاتك,"Old database _wp_old_slug; identical current slug, type and title"
/أفضل-شركة-تصميم-تطبيقات-مصر-لعام-2022/,/أفضل-شركة-تصميم-تطبيقات-مصر-لعام-2026/,أفضل شركة تصميم تطبيقات مصر لعام 2026,"Old database _wp_old_slug; identical current slug, type and title"
/أفضل-شركة-تصميم-متجر-الكتروني-في-مصر-2022/,/أفضل-شركة-تصميم-متجر-الكتروني-في-مصر-2026/,أفضل شركة تصميم متجر الكتروني في مصر لعام 2026,"Old database _wp_old_slug; identical current slug, type and title"
/أفضل-شركة-تصميم-مواقع-شركات-على-الإنتر/,/شركة-تصميم-وتطوير-مواقع/,إليك أهم  8 خدمات تقدمها شركة تصميم وتطوير مواقع الويب,"Old database _wp_old_slug; identical current slug, type and title"
/أفضل-شركة-تصميم-موقع-الكتروني-في-2019/,/شركة-تصميم-موقع-الكتروني-مميزة/,أفضل شركة تصميم موقع الكتروني مميزة في 2026,"Old database _wp_old_slug; identical current slug, type and title"
/أفضل-شركة-تصميم-ويب-سايت-في-عام-2020/,/افضل-شركة-تصميم-مواقع-انترنت/,افضل شركة تصميم مواقع انترنت احترافية في 2026,"Old database _wp_old_slug; identical current slug, type and title"
/أفضل-شركة-تطوير-ويب-سايت-في-مصر/,/تطوير-مواقع-الويب-سايت/,تطوير مواقع الويب سايت باحترافية على الانترنت في 2026,"Old database _wp_old_slug; identical current slug, type and title"
/أفضل-شركة-للحلول-البرمجية-لعام-2025-قيمة-ت/,/أفضل-شركة-للحلول-البرمجية-لعام-2026/,أفضل شركة للحلول البرمجية لعام 2026,"Old database _wp_old_slug; identical current slug, type and title"
/أفضل-شركة-متخصصة-في-تصميم-المواقع-في-ال/,/افضل-شركة-تصميم-المواقع-الالكترونية/,افضل شركة تصميم المواقع الالكترونية على الانترنت 2026,"Old database _wp_old_slug; identical current slug, type and title"
/أفضل-عروض-تصمیم-المواقع/,/أفضل-عروض-تصميم-المواقع/,أفضل عروض تصميم المواقع احصل على موقعك الآن بأفضل سعر,"Old database _wp_old_slug; identical current slug, type and title"
/أفضل-مواقع-تصميم-تطبيقات-الجوال-الاحت/,/أفضل-مواقع-تصميم-تطبيقات-الجوال/,أفضل مواقع تصميم تطبيقات الجوال الاحترافية 2026,"Old database _wp_old_slug; identical current slug, type and title"
/أفضل-موقع-لإنشاء-متجر-الكتروني-2/,/أفضل-موقع-لإنشاء-متجر-الكتروني-بالسعو/,ما هو أفضل موقع لإنشاء متجر الكتروني بالسعودية 2026,"Old database _wp_old_slug; identical current slug, type and title"
/أفكار-تسويقية-خارج-الصندوق/,/إليك-أفضل-7-أفكار-تسويقية-خارج-الصندوق-ف/,إليك أفضل 7 أفكار تسويقية خارج الصندوق لزيادة مبيعاتك,"Old database _wp_old_slug; identical current slug, type and title"
/أفكار-تصميم-مواقع-إلكترونية-2/,/أفكار-تصميم-مواقع/,أفضل 6 أفكار تصميم مواقع لبناء موقع إلكتروني ناجح مع قيمة تك,"Old database _wp_old_slug; identical current slug, type and title"
/أقل-تكلفة-تصميم-موقع-ديناميكي-في-مصر-2022/,/تكلفة-تصميم-موقع-ديناميكي-في-مصر-2026/,كم تكلفة تصميم موقع ديناميكي في مصر احترافي؟,"Old database _wp_old_slug; identical current slug, type and title"
/أكبر-10-شركات-برمجة-في-مصر-لتصميم-المواق/,/أكبر-10-شركات-برمجة-في-مصر/,أكبر 10 شركات برمجة في مصر لتصميم المواقع والتطبيقات,"Old database _wp_old_slug; identical current slug, type and title"
/أنواع-الإعلانات-التسويقية/,/7-من-أنواع-الإعلانات-التسويقية-لزيادة-م/,7 من أنواع الإعلانات التسويقية لزيادة مبيعاتك وأرباحك,"Old database _wp_old_slug; identical current slug, type and title"
/أهم-10-أمور-من-أجل-تصميم-موقع-إلكتروني-خا/,/تصميم-موقع-إلكتروني/,خطوات تصميم موقع إلكتروني احترافي على الإنترنت في 2026,"Old database _wp_old_slug; identical current slug, type and title"
/أهم-خطوات-إنشاء-تطبيق-توصيل-2025-قيمة-تك/,/أهم-خطوات-إنشاء-تطبيق-توصيل-2026-قيمة-تك/,أهم خطوات إنشاء تطبيق توصيل 2026,"Old database _wp_old_slug; identical current slug, type and title"
/أهمية-إنشاء-تطبيق-آيفون-في-2025-لتعزيز-ونم/,/أهمية-إنشاء-تطبيق-آيفون-في-2026-لتعزيز-ونم/,أهمية إنشاء تطبيق آيفون في 2026 لتعزيز ونمو أعمالك,"Old database _wp_old_slug; identical current slug, type and title"
/أهمية-الذكاء-الاصطناعي-في-التسويق/,/أهمية-الذكاء-الاصطناعي-في-التسويق-ونم/,أهمية الذكاء الاصطناعي في التسويق ونمو الأعمال باحترافية,"Old database _wp_old_slug; identical current slug, type and title"
/إنشاء-تطبيق-سفر-ناجح-في-7-خطوات-تعرف-علي/,/إنشاء-تطبيق-سفر/,إنشاء تطبيق سفر ناجح في 7 خطوات تعرف عليها الآن,"Old database _wp_old_slug; identical current slug, type and title"
/ابلكيشن-تصميم-تطبيقات-دليلك-الشامل-2025-ل/,/ابلكيشن-تصميم-تطبيقات-دليلك-الشامل-2026-ل/,ابلكيشن تصميم تطبيقات..دليلك الشامل 2026 لاختيار الأفضل,"Old database _wp_old_slug; identical current slug, type and title"
/استضافة-وتصميم-المواقع/,/شركة-استضافة-وتصميم-المواقع/,أفضل شركة استضافة وتصميم المواقع الالكترونية لعام 2026,"Old database _wp_old_slug; identical current slug, type and title"
/استكشف-خدمات-شركة-تطوير-تطبيقات-الجوا/,/شركة-تطوير-تطبيقات-الجوال/,9 معايير لاختيار أفضل شركة تطوير تطبيقات الجوال,"Old database _wp_old_slug; identical current slug, type and title"
/اسعار-تصميم-التطبيقات-في-مصر-2023/,/اسعار-تصميم-التطبيقات/,ما هي العوامل التي تؤثر على اسعار تصميم التطبيقات في مصر ؟,"Old database _wp_old_slug; identical current slug, type and title"
/اسماء-شركات-برمجة-في-مصر/,/اسماء-شركات-برمجة/,اسماء شركات برمجة في مصر لتطوير الأعمال باحترافية في 2026,"Old database _wp_old_slug; identical current slug, type and title"
/افضل-برامج-تصميم-مواقع-الانترنت-2023/,/افضل-برامج-تصميم-مواقع-الانترنت-2026/,افضل برامج تصميم مواقع الانترنت لعام 2026 تعزز تواجدك الرقمي,"Old database _wp_old_slug; identical current slug, type and title"
/افضل-شركات-برمجة-المواقع-الالكترونية/,/أفضل-شركات-برمجة-المواقع-الالكترونية/,افضل شركات برمجة المواقع الالكترونية في مصر,"Old database _wp_old_slug; identical current slug, type and title"
/افضل-شركات-تصميم-التطبيقات-في-مصر-والو/,/افضل-شركات-تصميم-التطبيقات/,اليك 7 من افضل شركات تصميم التطبيقات في مصر والوطن العربي,"Old database _wp_old_slug; identical current slug, type and title"
/افضل-شركة-برمجة-مواقع-متميزة-لعام-2022/,/افضل-شركة-برمجة-مواقع/,اليك مميزات افضل شركة برمجة مواقع متميزة لعام 2026 لتعزيز علامتك,"Old database _wp_old_slug; identical current slug, type and title"
/افضل-شركة-تصميم-مواقع-الكترونية-في-الد/,/افضل-شركة-تصميم-مواقع-الكترونية-في-الد-2/,افضل شركة تصميم مواقع الكترونية في الدقي 2026,"Old database _wp_old_slug; identical current slug, type and title"
/افضل-شركة-ويب-في-مصر-والوطن-العربي/,/أفضل-شركة-ويب-في-مصر-والوطن-العربي/,شركة ويب قيمة تك لتصميم المواقع الإلكترونية في 2026,"Old database _wp_old_slug; identical current slug, type and title"
/افضل-موقع-لتصميم-متجر-الكتروني-احتراف/,/افضل-موقع-لتصميم-متجر-الكتروني/,ما هو افضل موقع لتصميم متجر الكتروني احترافي يعكس هويتك ؟,"Old database _wp_old_slug; identical current slug, type and title"
/اكتشف-أفضل-شركات-الاستضافة-العربية/,/شركات-الاستضافة-العربية/,تعرف على قائمة أفضل 5 شركات الاستضافة العربية,"Old database _wp_old_slug; identical current slug, type and title"
/اكتشف-قائمة-أفضل-شركات-الاستضافة-العر/,/شركات-الاستضافة-العربية/,تعرف على قائمة أفضل 5 شركات الاستضافة العربية,"Old database _wp_old_slug; identical current slug, type and title"
/التسويق-الالكتروني-بالمحتوى/,/التسويق-الالكتروني-بالمحتوى-وأهم-10-أفك/,التسويق الالكتروني بالمحتوى وأهم 10 أفكار للتسويق لجذب الانتباه,"Old database _wp_old_slug; identical current slug, type and title"
/التكلفة-الخاصة-بتصميم-موقع-على-الإنتر/,/اسعار-تصميم-المواقع-الالكترونية/,6 عوامل تؤثر على اسعار تصميم المواقع الالكترونية,"Old database _wp_old_slug; identical current slug, type and title"
/التكلفة-الكلية-لتصميم-موقع-إلكتروني/,/تكلفة-تصميم-موقع-إلكتروني-احترافي-على/,كم تكلفة تصميم موقع إلكتروني احترافي على الانترنت في 2026,"Old database _wp_old_slug; identical current slug, type and title"
/انشاء-موقع-استثماري/,/انشاء-موقع-استثماري-لعام-2026/,تعرف على أبرز مزايا انشاء موقع استثماري لعام 2026,"Old database _wp_old_slug; identical current slug, type and title"
/انشاء-موقع-ويب-يعرض-اعمالك/,/شركة-متخصصة-لتصميم-المواقع/,أفضل شركة متخصصة لتصميم المواقع على الانترنت في 2026,"Old database _wp_old_slug; identical current slug, type and title"
/انواع-الحملات-الإعلانية/,/إليك-أهم-10-من-انواع-الحملات-الإعلانية-ل/,إليك أهم 10 من انواع الحملات الإعلانية لنمو ونجاح أعمالك,"Old database _wp_old_slug; identical current slug, type and title"
/اهمية-تصميم-مواقع-الكترونية/,/تصميم-مواقع-الكترونية-مع-قيمة-تك/,تصميم مواقع الكترونية في 7 خطوات لتعزيز علامتك التجارية,"Old database _wp_old_slug; identical current slug, type and title"
/برمجة-و-تصميم-مواقع-الويب-في-مصر/,/برمجة-وتصميم-مواقع-الويب-في-مصر/,تعرف على أهمية برمجة وتصميم مواقع الويب في مصر لعام 2026,"Old database _wp_old_slug; identical current slug, type and title"
/برنامج-محاسبي-erp-مفتاح-التحول-الرقمي-2025-م/,/برنامج-محاسبي-erp-مفتاح-التحول-الرقمي-2026-م/,برنامج محاسبي ERP: مفتاح التحول الرقمي 2026 مع قيمة تك,"Old database _wp_old_slug; identical current slug, type and title"
/بناء-المواقع-في-2025-حلول-متكاملة-وابتكار/,/بناء-المواقع-في-2026-حلول-متكاملة-وابتكار/,بناء المواقع في 2026..حلول متكاملة وابتكارات من قيمة تك,"Old database _wp_old_slug; identical current slug, type and title"
/تتصدرها-قيمة-تك-أفضل-شركات-برمجية/,/شركات-برمجية/,تتصدرها قيمة تك.. قائمة 8 أفضل شركات برمجية في الشرق الأوسط,"Old database _wp_old_slug; identical current slug, type and title"
/تصميم-التطبيقات-في-مصر-2023/,/تصميم-التطبيقات-في-مصر/,تصميم التطبيقات في مصر خلال 5 خطوات لتعزيز نشاطك,"Old database _wp_old_slug; identical current slug, type and title"
/تصميم-المواقع-الإلكترونية-أصبح-أمرًا/,/تصميم-المواقع-الالكترونية-2/,أهمية تصميم المواقع الإلكترونية في تعزيز الأعمال التجارية,"Old database _wp_old_slug; identical current slug, type and title"
/تصميم-المواقع-الإلكترونية-بإحترافية/,/افضل-شركة-تصميم-ويب-سايت/,دليلك لاختيار افضل شركة تصميم ويب سايت على الانترنت لعام 2026,"Old database _wp_old_slug; identical current slug, type and title"
/تصميم-المواقع/,/شركة-تصميم-المواقع-الالكترونية/,أفضل شركة تصميم المواقع الالكترونية في مصر لتعزيز هويتك,"Old database _wp_old_slug; identical current slug, type and title"
/تصميم-تطبيق-عيادة-في-2025-بوابة-المستقبل-ل/,/تصميم-تطبيق-عيادة-في-2026-بوابة-المستقبل-ل/,تصميم تطبيق عيادة في 2026: بوابة المستقبل لخدمات صحية مبتكرة,"Old database _wp_old_slug; identical current slug, type and title"
/تصميم-تطبيق-متجر-أدوات-طبية-صغيرة/,/تصميم-تطبيق-متجر-أدوات-طبية-صغيرة-2026/,مواصفات تصميم تطبيق متجر أدوات طبية صغيرة من قيمة تك 2026,"Old database _wp_old_slug; identical current slug, type and title"
/تصميم-تطبيق-موبايل/,/كيفية-تصميم-تطبيق-موبايل-باحترافية-لت/,كيفية تصميم تطبيق موبايل باحترافية لتعزيز علامتك التجارية,"Old database _wp_old_slug; identical current slug, type and title"
/تصميم-متجر-إلكتروني-إحترافي-من-التصمي/,/تصميم-متجر/,تصميم متجر الكتروني احترافي في 9 خطوات من قيمة تك,"Old database _wp_old_slug; identical current slug, type and title"
/تصميم-متجر-الكتروني-اثاث/,/خطوات-تصميم-متجر-الكتروني-اثاث-مربح/,تعرف على خطوات تصميم متجر الكتروني اثاث مربح 2026,"Old database _wp_old_slug; identical current slug, type and title"
/تصميم-متجر-زهور/,/كيفية-تصميم-متجر-زهور-عبر-الإنترنت-لزي/,كيفية تصميم متجر زهور عبر الإنترنت لزيادة مبيعاتك وأرباحك,"Old database _wp_old_slug; identical current slug, type and title"
/تصميم-متجر-مطعم-باحترافية-يمنحك-الأفض/,/تصميم-متجر-مطعم/,8 مميزات لـ تصميم متجر مطعم من قيمة تك,"Old database _wp_old_slug; identical current slug, type and title"
/تصميم-متجر-ووردبريس/,/كيف-يساهم-تصميم-متجر-ووردبريس-في-زيادة/,كيف يساهم تصميم متجر ووردبريس في زيادة مبيعاتك؟,"Old database _wp_old_slug; identical current slug, type and title"
/تصميم-مواقع-إلكترونية-على-الإنترنت/,/تصميم-مواقع-الكترونية-4/,تصميم مواقع الكترونية على الإنترنت لتعزيز تواجدك في السوق,"Old database _wp_old_slug; identical current slug, type and title"
/تصميم-مواقع-الكترونية-محترفة-على-الإن/,/تصميم-مواقع-الكترونية-محترفة/,تصميم مواقع الكترونية محترفة على الإنترنت في 5 خطوات,"Old database _wp_old_slug; identical current slug, type and title"
/تصميم-مواقع-خاصة-بالفنادق/,/تصميم-مواقع-الكترونية/,تصميم مواقع الكترونية خاصة بالفنادق 2026,"Old database _wp_old_slug; identical current slug, type and title"
/تصميم-مواقع-خاصة-بالمؤتمرات/,/تصميم-مواقع-الكترونية-2/,تصميم مواقع الكترونية للمؤتمرات والندوات 2026,"Old database _wp_old_slug; identical current slug, type and title"
/تصميم-مواقع-في-الاسكندرية/,/شركات-تصميم-مواقع/,أفضل شركات تصميم مواقع في الاسكندرية لتعزيز هويتك باحترافية,"Old database _wp_old_slug; identical current slug, type and title"
/تصميم-موقع-responsive-لمتجر-2025-دليلك-للتميز-الرق/,/تصميم-موقع-responsive-لمتجر/,تصميم موقع responsive لمتجر 2026.. دليلك للتميز الرقمي,"Old database _wp_old_slug; identical current slug, type and title"
/تصميم-موقع-إلكتروني-3/,/تصميم-موقع-إلكتروني-أساسيات-ونصائح-ل/,إليك 6 من اساسيات تصميم موقع إلكتروني احترافي,"Old database _wp_old_slug; identical current slug, type and title"
/تصميم-موقع-إلكتروني-للشركات-والأعمال/,/انشاء-المواقع-الالكترونية-2/,أهمية انشاء المواقع الالكترونية للشركات والأعمال 2026,"Old database _wp_old_slug; identical current slug, type and title"
/تصميم-موقع-احترافي/,/أفضل-6-شركات-تصميم-موقع-احترافي-قيمة-تك/,كيفية تصميم موقع احترافي يعكس هوية علامتك التجارية في 6 خطوات,"Old database _wp_old_slug; identical current slug, type and title"
/تصميم-موقع-الكتروني-2/,/تصميم-موقع-الكتروني/,كيفية تصميم موقع الكتروني احترافي على الانترنت 2026,"Old database _wp_old_slug; identical current slug, type and title"
/تصميم-موقع-لشركة-استيراد-وتصدير-في-مصر-2/,/تصميم-مواقع-شركات-استيراد-وتصدير/,تصميم مواقع شركات استيراد وتصدير في 7 خطوات لتطوير أعمالك,"Old database _wp_old_slug; identical current slug, type and title"
/تصميم-واستضافة-المواقع-الإلكترونية/,/تصميم-واستضافة-المواقع-الإلكترونية-م/,أفضل شركة تصميم واستضافة المواقع الإلكترونية في 2026,"Old database _wp_old_slug; identical current slug, type and title"
/تصميم-واستضافة-مواقع-على-الإنترنت-أص/,/شركة-تصميم-واستضافة-مواقع/,أفضل شركة تصميم واستضافة مواقع على الإنترنت لعام 2026,"Old database _wp_old_slug; identical current slug, type and title"
/تصميم-وانشاء-مواقع-الويب/,/تصميم-وإنشاء-مواقع-الويب/,أهمية تصميم وإنشاء مواقع الويب للشركات في 2026,"Old database _wp_old_slug; identical current slug, type and title"
/تصميم-وبرمجة-مواقع-الشركات-الكبيرة-وا/,/شركة-تصميم-وبرمجة-المواقع/,أفضل شركة تصميم وبرمجة المواقع لتعزيز الوجود الرقمي في 2026,"Old database _wp_old_slug; identical current slug, type and title"
/تصميم-وتطوير-مواقع/,/تصميم-وتطوير-مواقع-إلكترونية-في-شركة-ق/,تصميم وتطوير مواقع إلكترونية في شركة قيمة تك 2026,"Old database _wp_old_slug; identical current slug, type and title"
/تصميم-ويب-سايت-مطعم-2025-دليلك-للتميز-الرق/,/تصميم-ويب-سايت-مطعم-2026-دليلك-للتميز-الرق/,تصميم ويب سايت مطعم 2026.. دليلك للتميز الرقمي,"Old database _wp_old_slug; identical current slug, type and title"
/تطبيق-محاسبة-معتمد-في-السعودية-2025-مع-حلو/,/تطبيق-محاسبة-معتمد-في-السعودية-2026-مع-حلو/,تطبيق محاسبة معتمد في السعودية 2026 مع حلول قيمة تك المميزة,"Old database _wp_old_slug; identical current slug, type and title"
/تطبيق-موبايل-لمتجر-إلكتروني-استماري/,/تطبيق-موبايل-لمتجر-إلكتروني-استثماري/,كيفية تصميم تطبيق موبايل لمتجر إلكتروني استثماري 2026,"Old database _wp_old_slug; identical current slug, type and title"
/تطوير-ويب-سايت-ومواقع-إلكترونية-احترا/,/تطوير-ويب-سايت/,5 معايير اختيار شركة تطوير ويب سايت احترافية,"Old database _wp_old_slug; identical current slug, type and title"
/تعرف-على-أفضل-تطبيق-محاسبة-سعودي-في-2025-من/,/تعرف-على-أفضل-تطبيق-محاسبة-سعودي-في-2026-من/,تعرف على أفضل تطبيق محاسبة سعودي في 2026 من قيمة تك,"Old database _wp_old_slug; identical current slug, type and title"
/تعرف-على-أفضل-شركات-سوفت-وير-لعام-2025-قيمة/,/تعرف-على-أفضل-شركات-سوفت-وير-لعام-2026/,تعرف على أفضل شركات سوفت وير لعام 2026,"Old database _wp_old_slug; identical current slug, type and title"
/تعرف-على-أفضل-شركة-تصميم-مواقع-في-الشرق/,/أفضل-شركة-تصميم-مواقع/,تعرف على أفضل شركة تصميم مواقع في الشرق الأوسط 2026,"Old database _wp_old_slug; identical current slug, type and title"
/تعرف-على-أهم-10-خطوات-إنشاء-تطبيق-تعليمي-2025/,/تعرف-على-أهم-10-خطوات-إنشاء-تطبيق-تعليمي-2026/,تعرف على أهم 10 خطوات إنشاء تطبيق تعليمي 2026,"Old database _wp_old_slug; identical current slug, type and title"
/تعرف-على-أهم-شركات-تكنولوجيا-في-مصر-2025/,/تعرف-على-أهم-شركات-تكنولوجيا-في-مصر-2026/,تعرف على أهم شركات تكنولوجيا في مصر 2026,"Old database _wp_old_slug; identical current slug, type and title"
/تعرف-على-شركات-تصميم-برنامج-حسابات-رائ/,/شركات-تصميم-برنامج-حسابات/,تعرف على أفضل 5 شركات تصميم برنامج حسابات رائدة,"Old database _wp_old_slug; identical current slug, type and title"
/تعرف-على-طريقة-عمل-موقع-على-الانترنت-في/,/طريقة-عمل-موقع-على-الانترنت/,تعرف على طريقة عمل موقع على الانترنت في 6 خطوات,"Old database _wp_old_slug; identical current slug, type and title"
/تكلفة-برمجة-تطبيق-محاسبة-2025-كيف-تحدد-ميز/,/تكلفة-برمجة-تطبيق-محاسبة-2026-كيف-تحدد-ميز/,تكلفة برمجة تطبيق محاسبة 2026: كيف تحدد ميزانيتك وتحقق أفضل عائد؟,"Old database _wp_old_slug; identical current slug, type and title"
/تكلفة-تصميم-مواقع-الكترونية-في-مصر/,/تكلفة-تصميم-مواقع-الكترونية/,5 عوامل تؤثر على تكلفة تصميم مواقع الكترونية في مصر,"Old database _wp_old_slug; identical current slug, type and title"
/تكلفة-تصميم-موقع-ديناميكي-في-مصر-2022/,/تكلفة-تصميم-موقع-ديناميكي-في-مصر-2026/,كم تكلفة تصميم موقع ديناميكي في مصر احترافي؟,"Old database _wp_old_slug; identical current slug, type and title"
/خدمة-تطوير-المواقع-2/,/خدمة-تطوير-المواقع-الالكترونية-باحتر/,خدمة تطوير المواقع الالكترونية لتعزيز هويتك باحترافية,"Old database _wp_old_slug; identical current slug, type and title"
/خدمة-تطوير-المواقع-الإلكترونية-2/,/خدمة-تطوير-المواقع-الإلكترونية-من-شرك/,كيف تساهم خدمة تطوير المواقع الإلكترونية في تعزيز نشاطك؟,"Old database _wp_old_slug; identical current slug, type and title"
/خطوات-تصميم-application-مع-قيمة-تك-2025/,/خطوات-تصميم-application-مع-قيمة-تك-2026/,خطوات تصميم application مع قيمة تك لعام 2026,"Old database _wp_old_slug; identical current slug, type and title"
/خطوات-فتح-متجر-الكتروني-احترافي/,/خطوات-فتح-متجر-الكتروني/,خطوات فتح متجر الكتروني​ احترافي ومربح لعام 2026,"Old database _wp_old_slug; identical current slug, type and title"
/خطوات-في-تصميم-متجر-الكتروني-لملابس-ا/,/تصميم-متجر-الكتروني-لملابس-الاطفال/, تصميم متجر الكتروني لملابس الاطفال في 7 خطوات باحترافية- قيمة تك,"Old database _wp_old_slug; identical current slug, type and title"
/دليل-شركات-البرمجة-فى-مصر-أفضل-شركات-ا/,/دليل-شركات-البرمجة-في-مصر-2/,دليل شركات البرمجة في مصر لتعزيز نشاطك باحترافية في 2026,"Old database _wp_old_slug; identical current slug, type and title"
/سعر-تصميم-تطبيق-مطعم-في-2025-دليل-شامل-لأصح/,/سعر-تصميم-تطبيق-مطعم-في-2026-دليل-شامل-لأصح/,سعر تصميم تطبيق مطعم في 2026: دليل شامل لأصحاب المطاعم,"Old database _wp_old_slug; identical current slug, type and title"
/شركات-إنشاء-المواقع-الإلكترونية/,/شركات-انشاء-المواقع-الالكترونية/,أفضل 6 شركات انشاء المواقع الالكترونية لتطوير أعمالك الرقمية باحترافية,"Old database _wp_old_slug; identical current slug, type and title"
/شركات-استضافة-مواقع-الكترونية-على-الإ/,/شركات-استضافة-مواقع-الكترونية/,إليك قائمة أفضل 7 شركات استضافة مواقع الكترونية,"Old database _wp_old_slug; identical current slug, type and title"
/شركات-البرمجة-فى-مصر/,/شركات-البرمجة-في-مصر-2/,تعرف على خدمات شركات البرمجة في مصر لتطوير أعمالك,"Old database _wp_old_slug; identical current slug, type and title"
/شركات-التصميم/,/شركات-تصميم-مواقع-الكترونية-في-مصر/,أبرز 5 شركات تصميم مواقع الكترونية في مصر لتعزيز أعمالك,"Old database _wp_old_slug; identical current slug, type and title"
/شركات-انشاء-موقع-اليكتروني/,/انشاء-موقع-الكتروني/,انشاء موقع الكتروني احترافي في 8 خطوات لتعزيز نشاطك,"Old database _wp_old_slug; identical current slug, type and title"
/شركات-برمجة-تطبيقات-الهواتف-الذكية-في/,/شركات-برمجة-تطبيقات-الهواتف-الذكية-في_/,أفضل شركات برمجة تطبيقات الهواتف الذكية في مصر 2026,"Old database _wp_old_slug; identical current slug, type and title"
/شركات-تصميم-مواقع-إلكترونية-في-القاهر/,/شركات-تصميم-المواقع-الالكترونية/,قائمة أفضل 5 شركات تصميم المواقع الالكترونية في القاهرة,"Old database _wp_old_slug; identical current slug, type and title"
/شركات-تصميم-مواقع-إلكترونية/,/شركات-تصميم-مواقع-الكترونية-في-مصر-2/,إليك قائمة أفضل 5 شركات تصميم مواقع الكترونية لتعزيز تواجدك الرقمي,"Old database _wp_old_slug; identical current slug, type and title"
/شركات-تصميم-مواقع-الكترونية-2/,/شركات-تصميم-مواقع-الكترونية-في-مصر-2/,إليك قائمة أفضل 5 شركات تصميم مواقع الكترونية لتعزيز تواجدك الرقمي,"Old database _wp_old_slug; identical current slug, type and title"
/شركات-تصميم-واستضافة-موقع-فى-مصر/,/شركات-تصميم-واستضافة-موقع-في-مصر/,أفضل شركات تصميم واستضافة موقع في مصر 2026,"Old database _wp_old_slug; identical current slug, type and title"
/شركات-تصميم-ويب-سايت-مصر/,/شركات-تصميم-الويب-سايت-في-مصر/,أفضل شركات تصميم الويب سايت في مصر لتطوير الأعمال في 2026,"Old database _wp_old_slug; identical current slug, type and title"
/شركات-تطوير-مواقع-الكترونية-فى-القاهر/,/شركة-تطوير-مواقع/,شركة تطوير مواقع الكترونية سر نجاحك الرقمي في 2026,"Old database _wp_old_slug; identical current slug, type and title"
/شركات-لعمل-ابلكيشن-لعام-2021/,/شركات-لعمل-ابلكيشن-لعام-2026/,أفضل 5 شركات لعمل ابلكيشن لعام 2026,"Old database _wp_old_slug; identical current slug, type and title"
/شركات-ويب-ديزاين-في-مصر/,/أفضل-شركات-ويب-ديزاين-بمصر/,أفضل شركات ويب ديزاين بمصر لتطوير نشاطك باحترافية في 2026,"Old database _wp_old_slug; identical current slug, type and title"
/شركة-استضافة-مواقع-على-الإنترنت/,/شركات-استضافة-مواقع-الكترونية/,إليك قائمة أفضل 7 شركات استضافة مواقع الكترونية,"Old database _wp_old_slug; identical current slug, type and title"
/شركة-برمجة-تطبيقات-جوال-في-مصر/,/شركة-برمجة-تطبيقات-جوال-في-مصر-2/,7 معايير هامة لاختيار أفضل شركة برمجة تطبيقات جوال في مصر لعام 2026,"Old database _wp_old_slug; identical current slug, type and title"
/شركة-برمجة-مواقع-في-مصر/,/شركة-برمجة-مواقع-في-مصر-عام-2022/,ما هي أفضل شركة برمجة مواقع في مصر لتحويل أفكارك إلى واقع ؟,"Old database _wp_old_slug; identical current slug, type and title"
/شركة-تصميم-المواقع-الإلكترونية-باحتر/,/شركة-تصميم-المواقع-الالكترونية-باحتر/,أفضل شركة تصميم المواقع الالكترونية لعام 2026,"Old database _wp_old_slug; identical current slug, type and title"
/شركة-تصميم-تطبيقات-هواتف-الأندورويد-و/,/تصميم-تطبيقات-هواتف/,أفضل شركة تصميم تطبيقات هواتف الأندورويد في عام 2026,"Old database _wp_old_slug; identical current slug, type and title"
/شركة-تصميم-متجر-إلكتروني-قيمة-تك/,/شركة-تصميم-متجر-إلكتروني/,أفضل شركة تصميم متجر إلكتروني لتطوير نشاطك التجاري في 2026,"Old database _wp_old_slug; identical current slug, type and title"
/شركة-تصميم-مواقع-2/,/شركة-تصميم-مواقع-الكترونية-مصرية/,أفضل شركة تصميم مواقع الكترونية مصرية لتحويل أفكارك إلى واقع,"Old database _wp_old_slug; identical current slug, type and title"
/شركة-تصميم-مواقع-إلكترونية-2/,/شركة-تصميم-مواقع-إلكترونية/,إليك أفضل شركة تصميم مواقع إلكترونية احترافية لعام 2026,"Old database _wp_old_slug; identical current slug, type and title"
/شركة-تصميم-مواقع-إلكترونية-احترافية-ف/,/شركة-تصميم-مواقع-إلكترونية/,إليك أفضل شركة تصميم مواقع إلكترونية احترافية لعام 2026,"Old database _wp_old_slug; identical current slug, type and title"
/شركة-تصميم-مواقع-الانترنت-في-مصر/,/شركة-تصميم-مواقع-الانترنت/,أفضل شركة تصميم مواقع الانترنت لتعزيز نشاطك في 2026,"Old database _wp_old_slug; identical current slug, type and title"
/شركة-تصميم-مواقع-القاهرة-قيمة-تك/,/افضل-شركة-تصميم-مواقع-الكترونية-في-الق/,افضل شركة تصميم مواقع الكترونية في القاهرة لعام 2026,"Old database _wp_old_slug; identical current slug, type and title"
/شركة-تصميم-مواقع-الكترونية-لنشاطك-الت/,/مواقع-الكترونية-لنشاطك-التجاري/,كيفية تصميم مواقع الكترونية لنشاطك التجاري في 9 خطوات,"Old database _wp_old_slug; identical current slug, type and title"
/شركة-تصميم-مواقع-على-الإنترنت-في-جميع-م/,/شركة-تصميم-مواقع-انترنت-في-مصر-3/,أفضل شركة تصميم مواقع انترنت في مصر 2026,"Old database _wp_old_slug; identical current slug, type and title"
/شركة-تصميم-مواقع-على-الإنترنت/,/شركة-تصميم-مواقع-الانترنت/,أفضل شركة تصميم مواقع الانترنت لتعزيز نشاطك في 2026,"Old database _wp_old_slug; identical current slug, type and title"
/شركة-تصميم-مواقع-في-الجيزة-2/,/أفضل-شركة-تصميم-مواقع-انترنت-في-الجيزة/,أفضل شركة تصميم مواقع انترنت في الجيزة 2026,"Old database _wp_old_slug; identical current slug, type and title"
/شركة-تصميم-مواقع-مصر/,/شركة-تصميم-مواقع-في-مصر-3/,أفضل شركة تصميم مواقع في مصر لتعزيز علامتك التجارية,"Old database _wp_old_slug; identical current slug, type and title"
/شركة-تصميم-مواقع-نت/,/تصميم-مواقع-نت/,دليلك الشامل لـ تصميم مواقع نت احترافية لعام 2026,"Old database _wp_old_slug; identical current slug, type and title"
/شركة-تصميم-موقع-الكتروني-مميزة-في-2021/,/شركة-تصميم-موقع-الكتروني-مميزة/,أفضل شركة تصميم موقع الكتروني مميزة في 2026,"Old database _wp_old_slug; identical current slug, type and title"
/شركة-عمل-تطبيقات/,/شركة-عمل-تطبيقات-في-مصر/,أفضل شركة عمل تطبيقات في مصر 2026 لتعزيز نشاطك التجاري,"Old database _wp_old_slug; identical current slug, type and title"
/شركة-قيمة-تك-أفضل-شركة-لبرمجة-تطبيقات/,/كيفية-برمجة-تطبيق-جوال-في-5-خطوات-قيمة-ت/,برمجة تطبيق جوال في 7 خطوات يعكس علامتك التجارية,"Old database _wp_old_slug; identical current slug, type and title"
/شركة-قيمة-تك-لتصميم-المواقع-على-الإنتر/,/شركة-قيمة-تك-لتصميم-المواقع/,شركة قيمة تك لتصميم المواقع على الإنترنت باحترافية في 2026,"Old database _wp_old_slug; identical current slug, type and title"
/شركة-قيمة-تك-لتصميم-مواقع-السيارات/,/تصميم-موقع-سيارات/,إليك 7 مزايا عند تصميم موقع سيارات مع شركة قيمة تك,"Old database _wp_old_slug; identical current slug, type and title"
/شركة-قيمة-تك-لتصميم-مواقع-المدراس/,/تصميم-مواقع-مدارس/,تصميم مواقع مدارس في 7 خطوات باحترافية,"Old database _wp_old_slug; identical current slug, type and title"
/شركة-من-أجل-تصميم-المواقع-بالجيزة/,/شركة-تصميم-المواقع-الالكترونية-2/,أفضل شركة تصميم المواقع الالكترونية في الجيزة 2026,"Old database _wp_old_slug; identical current slug, type and title"
/شركة/,/مواقع-الكترونية-لنشاطك-التجاري/,كيفية تصميم مواقع الكترونية لنشاطك التجاري في 9 خطوات,"Old database _wp_old_slug; identical current slug, type and title"
/طرق-إنشاء-موقع-إلكتروني/,/كيفية-انشاء-موقع-الكتروني/,كيفية انشاء موقع الكتروني احترافي في 7 خطوات على الانترنت,"Old database _wp_old_slug; identical current slug, type and title"
/عروض-تصميم-المواقع/,/عروض-تصميم-المواقع-الالكترونية-على-ال/,عروض تصميم المواقع الالكترونية على الانترنت 2026,"Old database _wp_old_slug; identical current slug, type and title"
/عروض-خاصة-لتصميم-موقع-إلكتروني-مميز/,/عروض-تصميم-مواقع-انترنت/,عروض تصميم مواقع انترنت للشركات وكيفية الاختيار الأنسب لعام 2026,"Old database _wp_old_slug; identical current slug, type and title"
/عمل-تطبيق-مثل-اوبر/,/تكلفة-عمل-تطبيق-مثل-اوبر/,كم تكلفة عمل تطبيق مثل اوبر وما هي خطوات التصميم؟,"Old database _wp_old_slug; identical current slug, type and title"
/عناصر-لنجاح-موقعك-بعد-تصميمه/,/تصميم-مواقع-احترافية/,كيفية تصميم مواقع احترافية لتعزيز التواجد الرقمي في 2026,"Old database _wp_old_slug; identical current slug, type and title"
/فوائد-المتجر-الالكترونى-الـ-7-في-عام-2023/,/فوائد-المتجر-الالكتروني-الـ-7-في-عام-2026/,تعرف على أهم فوائد المتجر الالكتروني لزيادة مبيعاتك,"Old database _wp_old_slug; identical current slug, type and title"
/فوائد-المتجر-الالكترونى-الـ-7-في-عام-2026/,/فوائد-المتجر-الالكتروني-الـ-7-في-عام-2026/,تعرف على أهم فوائد المتجر الالكتروني لزيادة مبيعاتك,"Old database _wp_old_slug; identical current slug, type and title"
/فوائد-تصميم-مواقع-الكترونية-للشركات-و/,/تصميم-المواقع-الالكترونية/,تصميم المواقع الالكترونية للشركات في 5 خطوات لتعزيز نشاطك,"Old database _wp_old_slug; identical current slug, type and title"
/فوائد-تصميم-موقع-إلكتروني-بشكل-محترف/,/انشاء-المواقع-الالكترونية/,فوائد انشاء المواقع الالكترونية للشركات في تعزيز الهوية,"Old database _wp_old_slug; identical current slug, type and title"
/فوائد-تصميم-موقع-كافيه-في-2025-من-شركة-قيمة/,/فوائد-تصميم-موقع-كافيه-في-2026-من-شركة-قيمة/,فوائد تصميم موقع كافيه في 2026 من شركة قيمة تك,"Old database _wp_old_slug; identical current slug, type and title"
/قائمة-أفضل-شركات-embedded-system-في-مصر-لعام-2025/,/شركات-embedded-system-في-مصر/,قائمة أفضل شركات Embedded System في مصر لعام 2026,"Old database _wp_old_slug; identical current slug, type and title"
/قيمة-تك-أفضل-شركات-تصميم-متاجر-الكترون/,/شركات-تصميم-متاجر-الكترونية-في-مصر/,اليك أفضل شركات تصميم متاجر الكترونية في مصر لعام 2026,"Old database _wp_old_slug; identical current slug, type and title"
/قيمة-تك-أفضل-شركة-برمجة-مواقع-الكتروني/,/شركة-برمجة-مواقع-الكترونية-2/,أفضل شركة برمجة مواقع الكترونية لتعزيز نشاطك باحترافية,"Old database _wp_old_slug; identical current slug, type and title"
/قيمة-تك-افضل-مصمم-مواقع-انترنت/,/افضل-مصمم-مواقع-انترنت/,اليك 7 معايير لاختيار افضل مصمم مواقع انترنت في عام 2026 لتطوير موقعك,"Old database _wp_old_slug; identical current slug, type and title"
/قيمة-تك-الشركة-رقم-1-في-تصميم-مواقع-وورد/,/تصميم-مواقع-وورد-بريس/,إليك 9 خطوات للحصول على تصميم مواقع وورد بريس احترافي,"Old database _wp_old_slug; identical current slug, type and title"
/قيمة-تك-لتصميم-المواقع-على-الإنترنت/,/شركة-قيمة-تك-لتصميم-المواقع/,شركة قيمة تك لتصميم المواقع على الإنترنت باحترافية في 2026,"Old database _wp_old_slug; identical current slug, type and title"
/قيمة-تك-و-premier-العقارية،-تعاون-يبرز-دور-ال/,/تحول-رقمي-نحو-تحسين-جودة-الحياة/,قيمة تك و PREMIER العقارية، تعاون يبرز دور التحول الرقمي في تحسين جودة الحياة,"Old database _wp_old_slug; identical current slug, type and title"
/كيف-أختار-تطبيق-محاسبة-2025-دليلك-الكامل-ل/,/كيف-أختار-تطبيق-محاسبة-2026-دليلك-الكامل-ل/,كيف أختار تطبيق محاسبة 2026.. دليلك الكامل لاختيار ناجح,"Old database _wp_old_slug; identical current slug, type and title"
/كيف-تختار-أفضل-برامج-المحاسبة-في-2025-في-ال/,/كيف-تختار-أفضل-برامج-المحاسبة-في-2026-في-ال/,كيف تختار أفضل برامج المحاسبة لعام 2026 في السوق العربي,"Old database _wp_old_slug; identical current slug, type and title"
/كيف-تختار-أهم-شركات-تصميم-موشن-جرافيك-2025/,/كيف-تختار-أهم-شركات-تصميم-موشن-جرافيك-2026/,كيف تختار أهم شركات تصميم موشن جرافيك 2026 لتعزيز نشاطك,"Old database _wp_old_slug; identical current slug, type and title"
/كيف-تصمم-متجر-الإكتروني-متعدد-إليك-ال/,/متجر-إلكتروني/,تصميم متجر إلكتروني متعدد لزيادة مبيعاتك في 2026 باحترافية,"Old database _wp_old_slug; identical current slug, type and title"
/كيف-يؤثر-تصميم-موقع-ووردبريس-لمطعم-في-2025/,/كيف-يؤثر-تصميم-موقع-ووردبريس-لمطعم-في-2026/,كيف يؤثر تصميم موقع ووردبريس لمطعم في 2026 على نجاحك,"Old database _wp_old_slug; identical current slug, type and title"
/كيفية-إنشاء-متجر-إلكتروني/,/كيفية-إنشاء-متجر-إلكتروني-احترافي-خطو/,كيفية إنشاء متجر إلكتروني احترافي خطوة بخطوة 2026,"Old database _wp_old_slug; identical current slug, type and title"
/كيفية-انشاء-متجر-إلكتروني-احترافي/,/كيفية-إنشاء-متجر-إلكتروني-احترافي-خطو/,كيفية إنشاء متجر إلكتروني احترافي خطوة بخطوة 2026,"Old database _wp_old_slug; identical current slug, type and title"
/كيفية-انشاء-متجر-الكتروني-احترافي-خطو/,/كيفية-إنشاء-متجر-إلكتروني-احترافي-خطو/,كيفية إنشاء متجر إلكتروني احترافي خطوة بخطوة 2026,"Old database _wp_old_slug; identical current slug, type and title"
/كيفية-تصميم-موقع-لمطعم-في-9-خطوات/,/9-خطوات-لـ-تصميم-موقع-لمطعمك-بشكل-احتراف/,كيفية تصميم موقع لمطعم من قيمة تك في 9 خطوات,"Old database _wp_old_slug; identical current slug, type and title"
/ما-هو-سيو-اليوتيوب؟/,/ما-هو-سيو-اليوتيوب-وكيف-يساعدك-في-زيادة/,ما هو سيو اليوتيوب وكيف يساعدك في زيادة المشاهدات مجانًا؟,"Old database _wp_old_slug; identical current slug, type and title"
/ما-هي-عوامل-نجاح-المتجر-الالكتروني؟-2024-ق/,/عوامل-نجاح-المتجر-الالكتروني/,إليك 7 من عوامل نجاح المتجر الالكتروني الاحترافي,"Old database _wp_old_slug; identical current slug, type and title"
/ما-هي-عوامل-نجاح-المتجر-الالكتروني؟/,/عوامل-نجاح-المتجر-الالكتروني/,إليك 7 من عوامل نجاح المتجر الالكتروني الاحترافي,"Old database _wp_old_slug; identical current slug, type and title"
/ما-هي-مواقع-انشاء-المتاجر-الإلكترونية/,/أفضل-موقع-لإنشاء-متجر-الكتروني-بالسعو/,ما هو أفضل موقع لإنشاء متجر الكتروني بالسعودية 2026,"Old database _wp_old_slug; identical current slug, type and title"
/مميرزات-تصميم-موقع-للكورسات-الاونلاي/,/تصميم-موقع-للكورسات-الاونلاين/,تصميم موقع للكورسات الاونلاين في 9 خطوات,"Old database _wp_old_slug; identical current slug, type and title"
/مميزات-استخدام-تطبيقات-الهواتف-الذكي/,/مزايا-استخدام-تطبيقات-الهواتف-الذكية/,7 مزايا لاستخدام تطبيقات الهواتف الذكية لتطوير نشاطك,"Old database _wp_old_slug; identical current slug, type and title"
/مميزات-تصميم-متجر-مطعم-من-قيمة-تك/,/تصميم-متجر-مطعم/,8 مميزات لـ تصميم متجر مطعم من قيمة تك,"Old database _wp_old_slug; identical current slug, type and title"
/مميزات-تقدمها-قيمة-تك-إنشاء-متجر-الكتر/,/إنشاء-متجر-الكتروني-في-مصر/,إنشاء متجر الكتروني في مصر في 9 خطوات يعكس هوية نشاطك,"Old database _wp_old_slug; identical current slug, type and title"
/من-الرؤية-إلى-الريادة-قيمة-تك-أكبر-شركة/,/أكبر-شركة-برمجة-في-مصر/,من الرؤية إلى الريادة.. قيمة تك أكبر شركة برمجة في مصر 2026,"Old database _wp_old_slug; identical current slug, type and title"
/من-الفكرة-إلى-الواقع-تصميم-موقع-مدرسة/,/تصميم-موقع-مدرسة/,من الفكرة إلى الواقع.. تصميم موقع مدرسة في 8 خطوات,"Old database _wp_old_slug; identical current slug, type and title"
/من-هي-أفضل-شركة-برمجة-في-مصر-لعام-2022/,/شركة-برمجة-في-مصر-2/,ما هي أفضل شركة برمجة في مصر لعام 2026 وكيف تعزز نشاطك,"Old database _wp_old_slug; identical current slug, type and title"
/مواصفات-تصميم-تطبيق-متجر-أدوات-طبية-صغ/,/تصميم-تطبيق-متجر-أدوات-طبية-صغيرة-2026/,مواصفات تصميم تطبيق متجر أدوات طبية صغيرة من قيمة تك 2026,"Old database _wp_old_slug; identical current slug, type and title"
/مواقع-الكترونية/,/تصميم-مواقع-شركات-احترافية/,أفضل شركة تصميم مواقع شركات احترافية لتعزيز هويتك في 2026,"Old database _wp_old_slug; identical current slug, type and title"
/مواقع-شركات-تصميم-الويب-في-مصر/,/مواقع-شركات-تصميم-الويب/,6 مواقع شركات تصميم الويب في مصر لتحويل أفكارك إلى واقع رقمي,"Old database _wp_old_slug; identical current slug, type and title"
/مواقع-شركات/,/مواقع-شركات-تصميم-الويب/,6 مواقع شركات تصميم الويب في مصر لتحويل أفكارك إلى واقع رقمي,"Old database _wp_old_slug; identical current slug, type and title"
/مواقع-لبيع-تصاميم-الملابس-احترافية/,/مواقع-لبيع-تصاميم-الملابس/,تعرف على 9 خطوات تصميم مواقع لبيع تصاميم الملابس,"Old database _wp_old_slug; identical current slug, type and title"
